C,gamma,eer,threshold,fit_seconds,score_seconds,n_support,n_train
0.1,scale,0.1116342688035302,0.2281700119898231,200.52092218399048,130.74568819999695,18548,50000
0.1,0.001,0.1362843842939101,0.2971895659863692,258.51593542099,151.0914490222931,22800,50000
0.1,0.01,0.1119687602377586,0.2019156106538844,219.36228156089783,121.34694409370422,18802,50000
0.1,0.1,0.2299766085434671,-0.7620975090530471,794.3589556217194,321.74684405326843,48412,50000
1.0,scale,0.0989581981620085,0.0485870774688795,128.80133032798767,79.50582695007324,13478,50000
1.0,0.001,0.1165167604920217,0.2573484769055278,185.7733619213104,99.60140085220335,16847,50000
1.0,0.01,0.0996210313228867,-0.0027800384204532,150.2013590335846,80.8871443271637,13744,50000
1.0,0.1,0.1910943959426223,-0.6296134114698116,1984.682858228684,311.5824329853058,46648,50000
10.0,scale,0.1078299882309266,-0.3529151667911052,199.3959364891052,66.57274007797241,10301,50000
10.0,0.001,0.1034412597610151,0.1815571494563741,137.88538479804993,76.7787036895752,13068,50000
10.0,0.01,0.1090417251076951,-0.3888120396644006,232.68011379241943,61.6190459728241,10677,50000
10.0,0.1,0.1880828258414097,-0.6333350251797311,2015.0890164375303,306.91324520111084,46600,50000
100.0,scale,0.1258271732822098,-0.6008460012771426,223.49986457824707,48.506510496139526,8730,50000
100.0,0.001,0.1033665229478124,-0.0150961386859655,131.23161816596985,62.01079320907593,10126,50000
100.0,0.01,0.1259570505927227,-0.5852012297727611,234.27818393707275,52.6087052822113,9266,50000
100.0,0.1,0.1879725448467895,-0.6333416852258894,1697.89511179924,360.0958445072174,46597,50000
0.1,0.001,0.1606551488473717,0.3434204682634543,5.967886209487915,31.692614316940308,5908,10000
1.0,0.001,0.130105620757501,0.2781970092708912,3.1520581245422363,22.030868768692017,4170,10000
10.0,0.001,0.1181830679555852,0.1996291162316055,2.5260720252990723,16.75897192955017,3169,10000
100.0,0.001,0.1148014622387267,-0.0181352421785376,2.8149733543396,13.146584033966064,2484,10000
0.1,0.01,0.1353813928278988,0.1794532700463481,4.9181413650512695,29.95754837989807,4984,10000
1.0,0.01,0.114103084896431,0.0294304968087401,3.630862236022949,31.793558597564697,3697,10000
10.0,0.01,0.1180629888030186,-0.3268699402369652,5.84309458732605,19.949833631515503,3035,10000
100.0,0.01,0.1256029628426017,-0.3833795502450886,3.129396677017212,18.960131883621216,2900,10000
0.1,scale,0.1337310332298603,0.2208959334722289,5.370848178863525,32.690678119659424,4892,10000
1.0,scale,0.1139536112700256,0.079199846619735,4.841467142105103,22.9706711769104,3570,10000
10.0,scale,0.1168708482421427,-0.3054309535558883,5.034795522689819,18.67833352088928,2850,10000
100.0,scale,0.1271687874694912,-0.3902322140602796,2.5522220134735107,15.461067914962769,2706,10000
0.1,0.1,0.2349142407292688,-0.5980733096128976,8.40865182876587,66.14285778999329,10000,10000
1.0,0.1,0.2131164235557496,-0.6085647969591421,16.304974794387817,76.57121920585632,9919,10000
10.0,0.1,0.2115444492212815,-0.6107010707265853,10.878607511520386,78.42814612388611,9920,10000
100.0,0.1,0.211579993402699,-0.6106874505331154,13.1805899143219,69.0816421508789,9920,10000
0.1,0.001,0.1482424812772435,0.3424079067738379,44.28877186775208,69.70426321029663,10519,20000
1.0,0.001,0.124436568305197,0.2981019136991714,29.022268056869507,51.75774741172791,7546,20000
10.0,0.001,0.112033698893015,0.2396825549047623,25.129324913024902,34.4313645362854,5813,20000
100.0,0.001,0.1088273128260332,0.0252201145955623,21.52192234992981,28.551462650299072,4577,20000
0.1,0.01,0.1247097695345367,0.1946244830570572,36.19472002983093,55.335312604904175,8733,20000
1.0,0.01,0.1067873212964561,0.0431312996593236,24.318714141845703,39.62326622009277,6461,20000
10.0,0.01,0.114811260396673,-0.3315829180773881,20.07067322731018,36.572798013687134,5267,20000
100.0,0.01,0.1228449976548362,-0.4268875708582963,21.530967950820923,31.65281820297241,4859,20000
0.1,scale,0.1238521204078892,0.2337467620662348,39.22599720954895,64.95282578468323,8611,20000
1.0,scale,0.1062837599199297,0.0949750431867623,30.44951820373535,47.508678913116455,6315,20000
10.0,scale,0.1140283480832283,-0.2901968962040162,27.362263679504395,38.79737520217896,5014,20000
100.0,scale,0.1251741382792779,-0.4555626518510001,25.26347780227661,31.28759384155273,4538,20000
0.1,0.1,0.2341411265737703,-0.7059981542681493,94.16009783744812,171.68109583854675,19928,20000
1.0,0.1,0.2040755635445335,-0.6189054950441636,108.09050273895264,142.5968816280365,19527,20000
10.0,0.1,0.2019706333596999,-0.6218451862357357,261.9672338962555,182.47229886055,19528,20000
100.0,0.1,0.2020159756990637,-0.6218243387687878,140.23529601097107,160.78482151031494,19528,20000
0.1,0.001,0.1327043141609147,0.2837692900928052,926.5299603939056,261.1121242046356,34043,80000
1.0,0.001,0.1143174971780929,0.2456574999641532,449.4477059841156,175.63241958618164,25394,80000
10.0,0.001,0.1009332510363291,0.1685547731272336,345.5817222595215,126.38805866241456,19658,80000
100.0,0.001,0.10123219828914,-0.0093947644465224,512.2873272895813,89.69052052497864,15103,80000
0.1,0.01,0.1074011636676028,0.1913249626928111,467.7920506000519,169.37186980247498,27659,80000
1.0,0.01,0.0964146452559049,-0.0135379170347916,513.944572687149,126.73364329338074,20041,80000
10.0,0.01,0.1072063477018335,-0.4146315262076254,594.2677159309387,89.98252558708191,15191,80000
100.0,0.01,0.1233289627154701,-0.6362222083962297,667.2230072021484,73.25313091278076,12846,80000
0.1,scale,0.1071671550700483,0.218312405865423,434.21184945106506,165.17042589187622,27378,80000
1.0,scale,0.0961806366583504,0.0340488001362752,396.1062519550324,117.96248126029968,19725,80000
10.0,scale,0.1068522599517125,-0.3615587837272659,546.063539981842,92.32207465171814,14803,80000
100.0,scale,0.1232186817208499,-0.6715334255599762,648.7768034934998,68.61702799797058,12201,80000
0.1,0.1,0.2278974243821048,-0.7916335603412709,1422.8607366085052,465.12140440940857,75400,80000
1.0,0.1,0.1851949833431315,-0.6354280810109607,3908.706607103348,471.3614270687103,72237,80000
10.0,0.1,0.1809814745230968,-0.6390843488613058,2791.365344762802,470.7079517841339,71962,80000
100.0,0.1,0.1808613953705302,-0.6390737174479546,2802.136628627777,446.1530759334564,71936,80000
0.1,0.001,0.1298164716626364,0.2866262576511156,875.0956137180328,251.58091282844543,41101,100000
1.0,0.001,0.1126021989247979,0.236289668722053,633.4216275215149,186.9363145828247,30788,100000
10.0,0.001,0.0997411104754532,0.1809632126473346,517.5211997032166,144.87790656089783,23789,100000
100.0,0.001,0.0993220840700758,-0.002139109872985,830.9684426784515,114.68789315223694,18254,100000
0.1,0.01,0.1046787426612549,0.1903136219956301,690.3534724712372,204.4596815109253,33276,100000
1.0,0.01,0.0945596715341508,-0.0254461280802338,674.9569227695465,142.65085768699646,23861,100000
10.0,0.01,0.1051271635404712,-0.4316505991483222,900.818068742752,107.8900909423828,18050,100000
100.0,0.01,0.1215327779413938,-0.673136586777574,1000.048327922821,87.56649971008301,14975,100000
0.1,scale,0.1043442512270265,0.2164532553713386,682.0342741012573,199.5991146564484,32883,100000
1.0,scale,0.0942313298075009,0.0334813303558318,618.8310027122498,144.23231625556946,23634,100000
10.0,scale,0.1031165664847331,-0.3817417623228978,844.016184091568,102.93251013755798,17590,100000
100.0,scale,0.1201225766484883,-0.7006790663109597,954.0401113033296,82.28123426437378,14265,100000
0.1,0.1,0.2259873101630406,-0.7969781422840926,2385.8809463977814,576.2119660377502,92856,100000
1.0,0.1,0.1817582371289629,-0.6366507490019988,14981.381410598757,641.5510454177856,88660,100000
10.0,0.1,0.1774699914957254,-0.6408940875918088,6698.610535144806,549.2490074634552,88266,100000
100.0,0.1,0.1774957375191967,-0.6408747316476622,7257.434370279312,553.275128364563,88223,100000
0.1,0.001,0.1266492782274398,0.2651779325916097,2737.0197718143463,353.2961163520813,58169,150000
1.0,0.001,0.10953548832627527,0.22675784525327458,1486.4447014331818,320.0531792640686,44012,150000
10.0,0.001,0.09774646128523998,0.18144937775658576,1172.5512652397156,205.01794171333313,34042,150000
100.0,0.001,0.09887366319085944,0.04046553240872086,2443.240641593933,159.16292929649353,26099,150000
0.1,0.01,0.10115746147593735,0.18035082959514614,1666.554491519928,290.25232791900635,46664,150000
1.0,0.01,0.09362728559430059,-0.03693088463461203,1508.9612107276917,201.71409916877747,33358,150000
10.0,0.01,0.10656311085684794,-0.4471518186501544,2039.4707243442535,149.4156711101532,24678,150000
100.0,0.01,0.12183787490178331,-0.7358862453052518,2677.454354286194,155.74126505851746,19729,150000
0.1,scale,0.10116725963388365,0.2107196766762759,2062.44691324234,358.9280300140381,46248,150000
1.0,scale,0.09403286539136402,0.020204090543598174,1814.8538382053375,291.91562366485596,33029,150000
10.0,scale,0.10500708438790475,-0.38344146001476276,1986.8908133506775,145.89287424087524,24267,150000
100.0,scale,0.12099002393308216,-0.7756343799078371,3119.2706463336945,114.10358786582947,18952,150000
0.1,0.1,0.22172845900364208,-0.8053642389945982,5394.815148115158,843.2333083152771,135056,150000
1.0,0.1,0.17615412333191535,-0.6379999851075129,9739.753954410553,1001.8119974136353,128260,150000
10.0,0.1,0.17250911454366347,-0.6427726187319709,9462.62918305397,780.3923757076263,127062,150000
100.0,0.1,0.1725483071754487,-0.6427267595147783,9262.799754142761,769.1492416858673,126999,150000
0.1,0.001,0.12539834871888617,0.2566550138981505,2691.5194261074066,413.5240454673767,66826,175959
1.0,0.001,0.1077846458915628,0.22925104074471747,1759.4644558429718,307.17392230033875,50659,175959
10.0,0.001,0.09679447902949713,0.18443837922300332,1471.2332971096039,235.73524069786072,39042,175959
100.0,0.001,0.09660946122167421,0.020095992517305206,2643.8735032081604,180.22670102119446,29929,175959
0.1,0.01,0.1001601368808307,0.1749768836335125,2043.9697570800781,326.0812327861786,53282,175959
1.0,0.01,0.0921557940965064,-0.03957672185269334,1655.9498074054718,231.63283157348633,37943,175959
10.0,0.01,0.10563072491699776,-0.47160968396309483,2560.174130678177,168.13548922538757,27887,175959
100.0,0.01,0.12086014662256933,-0.7609294158194446,3192.084919691086,132.19326376914978,22052,175959
0.1,scale,0.09989058410185869,0.20285075169476485,1941.769994020462,318.6678981781006,52803,175959
1.0,scale,0.09270469781239671,0.011319772534084893,1631.026223897934,225.61411714553833,37690,175959
10.0,scale,0.10386028616639267,-0.4115427101265592,2273.250278234482,166.55110359191895,27458,175959
100.0,scale,0.11958347109054439,-0.8036229879341498,4093.231367588043,125.72961091995239,21261,175959
0.1,0.1,0.22072133625058912,-0.8111923226136201,7510.106053352356,935.3372702598572,156340,175959
1.0,0.1,0.17475736864732389,-0.6391203085931372,14945.164015054703,967.4811608791351,148262,175959
10.0,0.1,0.17108661383560084,-0.6436599795412662,15980.879446744919,935.0527515411377,146633,175959
100.0,0.1,0.1709824825485592,-0.6436760613057919,9970.68352651596,936.9823389053345,146514,175959
